-- phpMyAdmin SQL Dump
-- version 5.2.1
-- https://www.phpmyadmin.net/
--
-- Servidor: 127.0.0.1
-- Tiempo de generación: 20-10-2024 a las 18:27:22
-- Versión del servidor: 10.4.28-MariaDB
-- Versión de PHP: 8.2.4

SET SQL_MODE = "NO_AUTO_VALUE_ON_ZERO";
START TRANSACTION;
SET time_zone = "+00:00";


/*!40101 SET @OLD_CHARACTER_SET_CLIENT=@@CHARACTER_SET_CLIENT */;
/*!40101 SET @OLD_CHARACTER_SET_RESULTS=@@CHARACTER_SET_RESULTS */;
/*!40101 SET @OLD_COLLATION_CONNECTION=@@COLLATION_CONNECTION */;
/*!40101 SET NAMES utf8mb4 */;

--
-- Base de datos: `ecommerce`
--

-- --------------------------------------------------------

--
-- Estructura de tabla para la tabla `carritos`
--

CREATE TABLE `carritos` (
  `id_carrito` int(11) NOT NULL,
  `id_usuario` int(11) DEFAULT NULL,
  `fecha_creacion` datetime DEFAULT current_timestamp()
) ENGINE=InnoDB DEFAULT CHARSET=utf8mb4 COLLATE=utf8mb4_general_ci;

--
-- Volcado de datos para la tabla `carritos`
--

INSERT INTO `carritos` (`id_carrito`, `id_usuario`, `fecha_creacion`) VALUES
(23, 25, '2024-10-20 17:02:31'),
(24, 26, '2024-10-20 17:56:13'),
(25, 27, '2024-10-20 18:14:50');

-- --------------------------------------------------------

--
-- Estructura de tabla para la tabla `categorias`
--

CREATE TABLE `categorias` (
  `id_categoria` int(11) NOT NULL,
  `nombre` varchar(50) NOT NULL
) ENGINE=InnoDB DEFAULT CHARSET=utf8mb4 COLLATE=utf8mb4_general_ci;

--
-- Volcado de datos para la tabla `categorias`
--

INSERT INTO `categorias` (`id_categoria`, `nombre`) VALUES
(2, 'Muebles'),
(7, 'Telefonos'),
(8, 'Ropa'),
(9, 'Autos');

-- --------------------------------------------------------

--
-- Estructura de tabla para la tabla `compras`
--

CREATE TABLE `compras` (
  `id_compra` int(11) NOT NULL,
  `id_usuario` int(11) DEFAULT NULL,
  `fecha_compra` datetime DEFAULT current_timestamp(),
  `total` decimal(10,2) NOT NULL
) ENGINE=InnoDB DEFAULT CHARSET=utf8mb4 COLLATE=utf8mb4_general_ci;

-- --------------------------------------------------------

--
-- Estructura de tabla para la tabla `detalles_compra`
--

CREATE TABLE `detalles_compra` (
  `id_detalle` int(11) NOT NULL,
  `id_compra` int(11) DEFAULT NULL,
  `id_producto` int(11) DEFAULT NULL,
  `cantidad` int(11) NOT NULL,
  `precio_unitario` decimal(10,2) NOT NULL
) ENGINE=InnoDB DEFAULT CHARSET=utf8mb4 COLLATE=utf8mb4_general_ci;

-- --------------------------------------------------------

--
-- Estructura de tabla para la tabla `imagenes_producto`
--

CREATE TABLE `imagenes_producto` (
  `id_imagen` int(11) NOT NULL,
  `id_producto` int(11) DEFAULT NULL,
  `url_imagen` varchar(255) NOT NULL,
  `es_principal` tinyint(1) DEFAULT 0,
  `orden` int(11) DEFAULT NULL
) ENGINE=InnoDB DEFAULT CHARSET=utf8mb4 COLLATE=utf8mb4_general_ci;

-- --------------------------------------------------------

--
-- Estructura de tabla para la tabla `items_carrito`
--

CREATE TABLE `items_carrito` (
  `id_item` int(11) NOT NULL,
  `id_carrito` int(11) DEFAULT NULL,
  `id_producto` int(11) DEFAULT NULL,
  `cantidad` int(11) NOT NULL
) ENGINE=InnoDB DEFAULT CHARSET=utf8mb4 COLLATE=utf8mb4_general_ci;

-- --------------------------------------------------------

--
-- Estructura de tabla para la tabla `productos`
--

CREATE TABLE `productos` (
  `id_producto` int(11) NOT NULL,
  `id_vendedor` int(11) DEFAULT NULL,
  `id_categoria` int(11) DEFAULT NULL,
  `nombre` varchar(100) NOT NULL,
  `descripcion` text DEFAULT NULL,
  `precio` decimal(10,2) NOT NULL,
  `imagen` varchar(250) DEFAULT NULL,
  `stock` int(11) NOT NULL,
  `fecha_creacion` datetime DEFAULT current_timestamp(),
  `disponible` int(11) NOT NULL
) ENGINE=InnoDB DEFAULT CHARSET=utf8mb4 COLLATE=utf8mb4_general_ci;

--
-- Volcado de datos para la tabla `productos`
--

INSERT INTO `productos` (`id_producto`, `id_vendedor`, `id_categoria`, `nombre`, `descripcion`, `precio`, `imagen`, `stock`, `fecha_creacion`, `disponible`) VALUES
(24, 26, 2, 'Sillon cama', '                    Nuevo y muy comodo', 670000.00, '671529013911f.jpeg', 1, '2024-10-20 18:00:01', 1),
(25, 26, 2, 'Juego de mesa y sillas', '                              Moderno y de calidad        ', 1400000.00, 'juegomesa.png', 2, '2024-10-20 18:09:30', 1),
(26, 27, 9, 'Volkswagen Gol 1998', '                    Naftero 120mil km', 4000000.00, '67152d08c47d2.jpg', 1, '2024-10-20 18:17:12', 1),
(27, 27, 7, 'Samsung A51', '                                                              128GB                                       ', 340000.00, 'celular.jpg', 1, '2024-10-20 18:18:53', 1),
(28, 27, 8, 'Jean levis', '                               talle 4         ', 80000.00, 'jean.jpg', 1, '2024-10-20 18:21:17', 1);

-- --------------------------------------------------------

--
-- Estructura de tabla para la tabla `usuarios`
--

CREATE TABLE `usuarios` (
  `id_usuario` int(11) NOT NULL,
  `nombre` varchar(100) NOT NULL,
  `email` varchar(100) NOT NULL,
  `contraseña` varchar(500) NOT NULL,
  `fecha_registro` datetime DEFAULT current_timestamp(),
  `rol` int(11) NOT NULL,
  `imagen` varchar(255) NOT NULL
) ENGINE=InnoDB DEFAULT CHARSET=utf8mb4 COLLATE=utf8mb4_general_ci;

--
-- Volcado de datos para la tabla `usuarios`
--

INSERT INTO `usuarios` (`id_usuario`, `nombre`, `email`, `contraseña`, `fecha_registro`, `rol`, `imagen`) VALUES
(25, 'Tobias', 'admin', '$2y$10$SYNQVvCBCH.LYy9D05.1XezISSi8WXPoswX8kglKiEbThchKtIAsC', '2024-10-20 17:02:31', 1, '5FB66711-DC0A-4045-BB58-BB3EAC57FF73.jpg'),
(26, 'Lucas Piccolo', 'lucaspiccolo@gmail.com', '$2y$10$UgYbwUhkN3YSdOIQMcBXTOUxlBwv1D9e9OCzGNcIKfHHkhXEQH.l.', '2024-10-20 17:56:13', 0, 'WhatsApp Image 2024-10-20 at 12.55.44.jpeg'),
(27, 'Tobias Mastroberardini', 'tmastroberardini1@gmail.com', '$2y$10$VIUWG7zHIPlF1Bvbk2u8GesdDjp8MX79B4NPk7ufp3ldlZwQix5c2', '2024-10-20 18:14:50', 0, '5FB66711-DC0A-4045-BB58-BB3EAC57FF73.jpg');

--
-- Índices para tablas volcadas
--

--
-- Indices de la tabla `carritos`
--
ALTER TABLE `carritos`
  ADD PRIMARY KEY (`id_carrito`),
  ADD KEY `id_usuario` (`id_usuario`);

--
-- Indices de la tabla `categorias`
--
ALTER TABLE `categorias`
  ADD PRIMARY KEY (`id_categoria`);

--
-- Indices de la tabla `compras`
--
ALTER TABLE `compras`
  ADD PRIMARY KEY (`id_compra`),
  ADD KEY `id_usuario` (`id_usuario`);

--
-- Indices de la tabla `detalles_compra`
--
ALTER TABLE `detalles_compra`
  ADD PRIMARY KEY (`id_detalle`),
  ADD KEY `id_compra` (`id_compra`),
  ADD KEY `id_producto` (`id_producto`);

--
-- Indices de la tabla `imagenes_producto`
--
ALTER TABLE `imagenes_producto`
  ADD PRIMARY KEY (`id_imagen`),
  ADD KEY `id_producto` (`id_producto`);

--
-- Indices de la tabla `items_carrito`
--
ALTER TABLE `items_carrito`
  ADD PRIMARY KEY (`id_item`),
  ADD KEY `id_carrito` (`id_carrito`),
  ADD KEY `id_producto` (`id_producto`);

--
-- Indices de la tabla `productos`
--
ALTER TABLE `productos`
  ADD PRIMARY KEY (`id_producto`),
  ADD KEY `id_vendedor` (`id_vendedor`),
  ADD KEY `id_categoria` (`id_categoria`);

--
-- Indices de la tabla `usuarios`
--
ALTER TABLE `usuarios`
  ADD PRIMARY KEY (`id_usuario`),
  ADD UNIQUE KEY `email` (`email`);

--
-- AUTO_INCREMENT de las tablas volcadas
--

--
-- AUTO_INCREMENT de la tabla `carritos`
--
ALTER TABLE `carritos`
  MODIFY `id_carrito` int(11) NOT NULL AUTO_INCREMENT, AUTO_INCREMENT=26;

--
-- AUTO_INCREMENT de la tabla `categorias`
--
ALTER TABLE `categorias`
  MODIFY `id_categoria` int(11) NOT NULL AUTO_INCREMENT, AUTO_INCREMENT=10;

--
-- AUTO_INCREMENT de la tabla `compras`
--
ALTER TABLE `compras`
  MODIFY `id_compra` int(11) NOT NULL AUTO_INCREMENT, AUTO_INCREMENT=8;

--
-- AUTO_INCREMENT de la tabla `detalles_compra`
--
ALTER TABLE `detalles_compra`
  MODIFY `id_detalle` int(11) NOT NULL AUTO_INCREMENT, AUTO_INCREMENT=15;

--
-- AUTO_INCREMENT de la tabla `imagenes_producto`
--
ALTER TABLE `imagenes_producto`
  MODIFY `id_imagen` int(11) NOT NULL AUTO_INCREMENT;

--
-- AUTO_INCREMENT de la tabla `items_carrito`
--
ALTER TABLE `items_carrito`
  MODIFY `id_item` int(11) NOT NULL AUTO_INCREMENT, AUTO_INCREMENT=276;

--
-- AUTO_INCREMENT de la tabla `productos`
--
ALTER TABLE `productos`
  MODIFY `id_producto` int(11) NOT NULL AUTO_INCREMENT, AUTO_INCREMENT=29;

--
-- AUTO_INCREMENT de la tabla `usuarios`
--
ALTER TABLE `usuarios`
  MODIFY `id_usuario` int(11) NOT NULL AUTO_INCREMENT, AUTO_INCREMENT=28;

--
-- Restricciones para tablas volcadas
--

--
-- Filtros para la tabla `carritos`
--
ALTER TABLE `carritos`
  ADD CONSTRAINT `carritos_ibfk_1` FOREIGN KEY (`id_usuario`) REFERENCES `usuarios` (`id_usuario`);

--
-- Filtros para la tabla `compras`
--
ALTER TABLE `compras`
  ADD CONSTRAINT `compras_ibfk_1` FOREIGN KEY (`id_usuario`) REFERENCES `usuarios` (`id_usuario`);

--
-- Filtros para la tabla `detalles_compra`
--
ALTER TABLE `detalles_compra`
  ADD CONSTRAINT `detalles_compra_ibfk_1` FOREIGN KEY (`id_compra`) REFERENCES `compras` (`id_compra`),
  ADD CONSTRAINT `detalles_compra_ibfk_2` FOREIGN KEY (`id_producto`) REFERENCES `productos` (`id_producto`);

--
-- Filtros para la tabla `imagenes_producto`
--
ALTER TABLE `imagenes_producto`
  ADD CONSTRAINT `imagenes_producto_ibfk_1` FOREIGN KEY (`id_producto`) REFERENCES `productos` (`id_producto`);

--
-- Filtros para la tabla `items_carrito`
--
ALTER TABLE `items_carrito`
  ADD CONSTRAINT `items_carrito_ibfk_1` FOREIGN KEY (`id_carrito`) REFERENCES `carritos` (`id_carrito`),
  ADD CONSTRAINT `items_carrito_ibfk_2` FOREIGN KEY (`id_producto`) REFERENCES `productos` (`id_producto`);

--
-- Filtros para la tabla `productos`
--
ALTER TABLE `productos`
  ADD CONSTRAINT `productos_ibfk_1` FOREIGN KEY (`id_vendedor`) REFERENCES `usuarios` (`id_usuario`),
  ADD CONSTRAINT `productos_ibfk_2` FOREIGN KEY (`id_categoria`) REFERENCES `categorias` (`id_categoria`);
COMMIT;

/*!40101 SET CHARACTER_SET_CLIENT=@OLD_CHARACTER_SET_CLIENT */;
/*!40101 SET CHARACTER_SET_RESULTS=@OLD_CHARACTER_SET_RESULTS */;
/*!40101 SET COLLATION_CONNECTION=@OLD_COLLATION_CONNECTION */;
